{"cameraMode":{"drawMode":0,"name":"Shaded","section":"Shading Mode"},"sceneLighting":true,"audioPlay":false,"sceneViewState":{"showFog":true,"showMaterialUpdate":false,"showSkybox":true,"showFlares":true,"showImageEffects":true,"showParticleSystems":true},"in2DMode":false,"pivot":{"x":15.353328704833985,"y":5.087512016296387,"z":53.271610260009769},"rotation":{"x":-0.03201688081026077,"y":0.4964662492275238,"z":-0.01832614466547966,"w":-0.8672798275947571},"size":19.84497833251953,"orthographic":false}